fold,model,pred_len,MAE,ticker
1,Linear,1,0.17,ABB
1,DLinear,1,0.16,ABB
1,NLinear,1,0.14,ABB
1,Naive,1,0.12,ABB
2,Linear,1,0.33,ABB
2,DLinear,1,0.29,ABB
2,NLinear,1,0.23,ABB
2,Naive,1,0.2,ABB
3,Linear,1,0.33,ABB
3,DLinear,1,0.35,ABB
3,NLinear,1,0.23,ABB
3,Naive,1,0.19,ABB
4,Linear,1,0.29,ABB
4,DLinear,1,0.41,ABB
4,NLinear,1,0.21,ABB
4,Naive,1,0.15,ABB
1,Linear,5,0.24,ABB
1,DLinear,5,0.22,ABB
1,NLinear,5,0.21,ABB
1,Naive,5,0.2,ABB
2,Linear,5,0.54,ABB
2,DLinear,5,0.42,ABB
2,NLinear,5,0.35,ABB
2,Naive,5,0.35,ABB
3,Linear,5,0.65,ABB
3,DLinear,5,0.53,ABB
3,NLinear,5,0.31,ABB
3,Naive,5,0.29,ABB
4,Linear,5,0.72,ABB
4,DLinear,5,0.61,ABB
4,NLinear,5,0.29,ABB
4,Naive,5,0.25,ABB
1,Linear,21,0.37,ABB
1,DLinear,21,0.35,ABB
1,NLinear,21,0.35,ABB
1,Naive,21,0.36,ABB
2,Linear,21,1.22,ABB
2,DLinear,21,1.14,ABB
2,NLinear,21,0.95,ABB
2,Naive,21,1.02,ABB
3,Linear,21,1.47,ABB
3,DLinear,21,1.6,ABB
3,NLinear,21,0.66,ABB
3,Naive,21,0.67,ABB
4,Linear,21,1.41,ABB
4,DLinear,21,1.68,ABB
4,NLinear,21,0.59,ABB
4,Naive,21,0.47,ABB
1,Linear,1,0.35,ACB
1,DLinear,1,0.4,ACB
1,NLinear,1,0.22,ACB
1,Naive,1,0.2,ACB
2,Linear,1,0.66,ACB
2,DLinear,1,0.53,ACB
2,NLinear,1,0.31,ACB
2,Naive,1,0.3,ACB
3,Linear,1,0.52,ACB
3,DLinear,1,0.41,ACB
3,NLinear,1,0.28,ACB
3,Naive,1,0.22,ACB
4,Linear,1,0.46,ACB
4,DLinear,1,0.43,ACB
4,NLinear,1,0.31,ACB
4,Naive,1,0.28,ACB
1,Linear,5,0.57,ACB
1,DLinear,5,0.48,ACB
1,NLinear,5,0.39,ACB
1,Naive,5,0.37,ACB
2,Linear,5,0.89,ACB
2,DLinear,5,0.73,ACB
2,NLinear,5,0.56,ACB
2,Naive,5,0.56,ACB
3,Linear,5,0.68,ACB
3,DLinear,5,0.56,ACB
3,NLinear,5,0.46,ACB
3,Naive,5,0.38,ACB
4,Linear,5,0.55,ACB
4,DLinear,5,0.52,ACB
4,NLinear,5,0.48,ACB
4,Naive,5,0.44,ACB
1,Linear,21,0.86,ACB
1,DLinear,21,0.82,ACB
1,NLinear,21,0.81,ACB
1,Naive,21,0.78,ACB
2,Linear,21,1.51,ACB
2,DLinear,21,1.51,ACB
2,NLinear,21,1.3,ACB
2,Naive,21,1.39,ACB
3,Linear,21,1.2,ACB
3,DLinear,21,0.99,ACB
3,NLinear,21,0.81,ACB
3,Naive,21,0.66,ACB
4,Linear,21,0.88,ACB
4,DLinear,21,0.81,ACB
4,NLinear,21,0.74,ACB
4,Naive,21,0.65,ACB
1,Linear,1,0.7,BID
1,DLinear,1,0.69,BID
1,NLinear,1,0.4,BID
1,Naive,1,0.38,BID
2,Linear,1,0.7,BID
2,DLinear,1,0.67,BID
2,NLinear,1,0.51,BID
2,Naive,1,0.49,BID
3,Linear,1,0.71,BID
3,DLinear,1,0.57,BID
3,NLinear,1,0.4,BID
3,Naive,1,0.38,BID
4,Linear,1,2.03,BID
4,DLinear,1,2.5,BID
4,NLinear,1,1.16,BID
4,Naive,1,1.01,BID
1,Linear,5,1.0,BID
1,DLinear,5,0.86,BID
1,NLinear,5,0.73,BID
1,Naive,5,0.77,BID
2,Linear,5,0.93,BID
2,DLinear,5,0.87,BID
2,NLinear,5,0.75,BID
2,Naive,5,0.77,BID
3,Linear,5,0.78,BID
3,DLinear,5,0.74,BID
3,NLinear,5,0.61,BID
3,Naive,5,0.61,BID
4,Linear,5,3.47,BID
4,DLinear,5,3.05,BID
4,NLinear,5,2.06,BID
4,Naive,5,1.67,BID
1,Linear,21,1.83,BID
1,DLinear,21,1.72,BID
1,NLinear,21,1.77,BID
1,Naive,21,1.62,BID
2,Linear,21,1.31,BID
2,DLinear,21,1.27,BID
2,NLinear,21,1.18,BID
2,Naive,21,1.48,BID
3,Linear,21,1.01,BID
3,DLinear,21,1.01,BID
3,NLinear,21,1.07,BID
3,Naive,21,1.06,BID
4,Linear,21,6.03,BID
4,DLinear,21,5.59,BID
4,NLinear,21,5.38,BID
4,Naive,21,3.79,BID
1,Linear,1,0.32,BVB
1,DLinear,1,0.32,BVB
1,NLinear,1,0.23,BVB
1,Naive,1,0.23,BVB
2,Linear,1,0.36,BVB
2,DLinear,1,0.35,BVB
2,NLinear,1,0.28,BVB
2,Naive,1,0.27,BVB
3,Linear,1,0.36,BVB
3,DLinear,1,0.27,BVB
3,NLinear,1,0.17,BVB
3,Naive,1,0.16,BVB
4,Linear,1,0.33,BVB
4,DLinear,1,0.26,BVB
4,NLinear,1,0.21,BVB
4,Naive,1,0.19,BVB
1,Linear,5,0.43,BVB
1,DLinear,5,0.41,BVB
1,NLinear,5,0.38,BVB
1,Naive,5,0.38,BVB
2,Linear,5,0.5,BVB
2,DLinear,5,0.46,BVB
2,NLinear,5,0.39,BVB
2,Naive,5,0.4,BVB
3,Linear,5,0.5,BVB
3,DLinear,5,0.4,BVB
3,NLinear,5,0.32,BVB
3,Naive,5,0.27,BVB
4,Linear,5,0.46,BVB
4,DLinear,5,0.38,BVB
4,NLinear,5,0.33,BVB
4,Naive,5,0.32,BVB
1,Linear,21,0.67,BVB
1,DLinear,21,0.65,BVB
1,NLinear,21,0.62,BVB
1,Naive,21,0.79,BVB
2,Linear,21,0.76,BVB
2,DLinear,21,0.69,BVB
2,NLinear,21,0.74,BVB
2,Naive,21,0.73,BVB
3,Linear,21,1.0,BVB
3,DLinear,21,1.0,BVB
3,NLinear,21,0.62,BVB
3,Naive,21,0.43,BVB
4,Linear,21,0.89,BVB
4,DLinear,21,0.86,BVB
4,NLinear,21,0.67,BVB
4,Naive,21,0.67,BVB
1,Linear,1,0.91,CTG
1,DLinear,1,0.51,CTG
1,NLinear,1,0.31,CTG
1,Naive,1,0.3,CTG
2,Linear,1,1.09,CTG
2,DLinear,1,0.46,CTG
2,NLinear,1,0.41,CTG
2,Naive,1,0.4,CTG
3,Linear,1,1.07,CTG
3,DLinear,1,0.71,CTG
3,NLinear,1,0.48,CTG
3,Naive,1,0.47,CTG
4,Linear,1,1.59,CTG
4,DLinear,1,0.91,CTG
4,NLinear,1,0.55,CTG
4,Naive,1,0.55,CTG
1,Linear,5,0.92,CTG
1,DLinear,5,0.68,CTG
1,NLinear,5,0.59,CTG
1,Naive,5,0.54,CTG
2,Linear,5,0.87,CTG
2,DLinear,5,0.7,CTG
2,NLinear,5,0.59,CTG
2,Naive,5,0.65,CTG
3,Linear,5,1.09,CTG
3,DLinear,5,0.93,CTG
3,NLinear,5,0.79,CTG
3,Naive,5,0.76,CTG
4,Linear,5,1.63,CTG
4,DLinear,5,1.12,CTG
4,NLinear,5,0.92,CTG
4,Naive,5,0.96,CTG
1,Linear,21,1.62,CTG
1,DLinear,21,1.38,CTG
1,NLinear,21,1.3,CTG
1,Naive,21,1.19,CTG
2,Linear,21,1.26,CTG
2,DLinear,21,1.46,CTG
2,NLinear,21,1.31,CTG
2,Naive,21,1.61,CTG
3,Linear,21,1.76,CTG
3,DLinear,21,1.34,CTG
3,NLinear,21,1.23,CTG
3,Naive,21,1.25,CTG
4,Linear,21,2.98,CTG
4,DLinear,21,2.25,CTG
4,NLinear,21,1.85,CTG
4,Naive,21,1.66,CTG
1,Linear,1,0.67,EIB
1,DLinear,1,0.69,EIB
1,NLinear,1,0.38,EIB
1,Naive,1,0.37,EIB
2,Linear,1,0.85,EIB
2,DLinear,1,0.9,EIB
2,NLinear,1,0.56,EIB
2,Naive,1,0.58,EIB
3,Linear,1,0.73,EIB
3,DLinear,1,1.01,EIB
3,NLinear,1,0.42,EIB
3,Naive,1,0.42,EIB
4,Linear,1,0.66,EIB
4,DLinear,1,0.84,EIB
4,NLinear,1,0.45,EIB
4,Naive,1,0.43,EIB
1,Linear,5,0.85,EIB
1,DLinear,5,0.87,EIB
1,NLinear,5,0.66,EIB
1,Naive,5,0.69,EIB
2,Linear,5,1.04,EIB
2,DLinear,5,1.08,EIB
2,NLinear,5,0.9,EIB
2,Naive,5,0.94,EIB
3,Linear,5,1.67,EIB
3,DLinear,5,1.9,EIB
3,NLinear,5,0.86,EIB
3,Naive,5,0.7,EIB
4,Linear,5,0.93,EIB
4,DLinear,5,1.01,EIB
4,NLinear,5,0.8,EIB
4,Naive,5,0.75,EIB
1,Linear,21,1.37,EIB
1,DLinear,21,1.38,EIB
1,NLinear,21,0.95,EIB
1,Naive,21,1.33,EIB
2,Linear,21,1.39,EIB
2,DLinear,21,1.28,EIB
2,NLinear,21,1.55,EIB
2,Naive,21,1.65,EIB
3,Linear,21,4.6,EIB
3,DLinear,21,4.7,EIB
3,NLinear,21,1.91,EIB
3,Naive,21,1.32,EIB
4,Linear,21,1.5,EIB
4,DLinear,21,1.65,EIB
4,NLinear,21,1.07,EIB
4,Naive,21,1.08,EIB
1,Linear,1,0.45,HDB
1,DLinear,1,0.3,HDB
1,NLinear,1,0.22,HDB
1,Naive,1,0.21,HDB
2,Linear,1,0.8,HDB
2,DLinear,1,0.52,HDB
2,NLinear,1,0.32,HDB
2,Naive,1,0.34,HDB
3,Linear,1,0.98,HDB
3,DLinear,1,0.7,HDB
3,NLinear,1,0.49,HDB
3,Naive,1,0.47,HDB
4,Linear,1,0.77,HDB
4,DLinear,1,0.59,HDB
4,NLinear,1,0.43,HDB
4,Naive,1,0.39,HDB
1,Linear,5,0.66,HDB
1,DLinear,5,0.41,HDB
1,NLinear,5,0.38,HDB
1,Naive,5,0.38,HDB
2,Linear,5,1.16,HDB
2,DLinear,5,0.79,HDB
2,NLinear,5,0.61,HDB
2,Naive,5,0.63,HDB
3,Linear,5,1.11,HDB
3,DLinear,5,0.97,HDB
3,NLinear,5,0.8,HDB
3,Naive,5,0.75,HDB
4,Linear,5,1.06,HDB
4,DLinear,5,0.84,HDB
4,NLinear,5,0.68,HDB
4,Naive,5,0.64,HDB
1,Linear,21,0.91,HDB
1,DLinear,21,0.93,HDB
1,NLinear,21,0.79,HDB
1,Naive,21,0.8,HDB
2,Linear,21,2.18,HDB
2,DLinear,21,1.64,HDB
2,NLinear,21,1.42,HDB
2,Naive,21,1.72,HDB
3,Linear,21,1.21,HDB
3,DLinear,21,1.25,HDB
3,NLinear,21,1.22,HDB
3,Naive,21,1.16,HDB
4,Linear,21,1.72,HDB
4,DLinear,21,2.03,HDB
4,NLinear,21,1.64,HDB
4,Naive,21,1.13,HDB
1,Linear,1,0.34,KLB
1,DLinear,1,0.35,KLB
1,NLinear,1,0.18,KLB
1,Naive,1,0.17,KLB
2,Linear,1,0.42,KLB
2,DLinear,1,0.36,KLB
2,NLinear,1,0.3,KLB
2,Naive,1,0.31,KLB
3,Linear,1,0.8,KLB
3,DLinear,1,0.62,KLB
3,NLinear,1,0.32,KLB
3,Naive,1,0.27,KLB
4,Linear,1,0.65,KLB
4,DLinear,1,0.5,KLB
4,NLinear,1,0.28,KLB
4,Naive,1,0.25,KLB
1,Linear,5,0.51,KLB
1,DLinear,5,0.44,KLB
1,NLinear,5,0.35,KLB
1,Naive,5,0.33,KLB
2,Linear,5,0.47,KLB
2,DLinear,5,0.4,KLB
2,NLinear,5,0.4,KLB
2,Naive,5,0.44,KLB
3,Linear,5,0.83,KLB
3,DLinear,5,0.77,KLB
3,NLinear,5,0.62,KLB
3,Naive,5,0.46,KLB
4,Linear,5,0.74,KLB
4,DLinear,5,0.63,KLB
4,NLinear,5,0.51,KLB
4,Naive,5,0.44,KLB
1,Linear,21,0.63,KLB
1,DLinear,21,0.63,KLB
1,NLinear,21,0.6,KLB
1,Naive,21,0.54,KLB
2,Linear,21,0.77,KLB
2,DLinear,21,0.69,KLB
2,NLinear,21,0.63,KLB
2,Naive,21,0.88,KLB
3,Linear,21,1.07,KLB
3,DLinear,21,1.2,KLB
3,NLinear,21,1.18,KLB
3,Naive,21,0.83,KLB
4,Linear,21,1.11,KLB
4,DLinear,21,1.0,KLB
4,NLinear,21,1.11,KLB
4,Naive,21,0.95,KLB
1,Linear,1,1.79,LPB
1,DLinear,1,0.78,LPB
1,NLinear,1,0.53,LPB
1,Naive,1,0.47,LPB
2,Linear,1,1.36,LPB
2,DLinear,1,1.21,LPB
2,NLinear,1,0.68,LPB
2,Naive,1,0.66,LPB
3,Linear,1,3.15,LPB
3,DLinear,1,1.67,LPB
3,NLinear,1,0.93,LPB
3,Naive,1,0.8,LPB
4,Linear,1,1.3,LPB
4,DLinear,1,1.06,LPB
4,NLinear,1,0.66,LPB
4,Naive,1,0.58,LPB
1,Linear,5,1.82,LPB
1,DLinear,5,1.23,LPB
1,NLinear,5,0.78,LPB
1,Naive,5,0.75,LPB
2,Linear,5,2.02,LPB
2,DLinear,5,1.69,LPB
2,NLinear,5,1.15,LPB
2,Naive,5,1.25,LPB
3,Linear,5,3.96,LPB
3,DLinear,5,2.8,LPB
3,NLinear,5,1.49,LPB
3,Naive,5,1.36,LPB
4,Linear,5,2.84,LPB
4,DLinear,5,2.31,LPB
4,NLinear,5,1.09,LPB
4,Naive,5,0.95,LPB
1,Linear,21,2.28,LPB
1,DLinear,21,1.99,LPB
1,NLinear,21,1.18,LPB
1,Naive,21,1.35,LPB
2,Linear,21,2.78,LPB
2,DLinear,21,2.48,LPB
2,NLinear,21,2.49,LPB
2,Naive,21,2.87,LPB
3,Linear,21,4.19,LPB
3,DLinear,21,3.81,LPB
3,NLinear,21,2.43,LPB
3,Naive,21,2.44,LPB
4,Linear,21,3.64,LPB
4,DLinear,21,3.83,LPB
4,NLinear,21,2.2,LPB
4,Naive,21,1.34,LPB
1,Linear,1,0.49,MBB
1,DLinear,1,0.44,MBB
1,NLinear,1,0.23,MBB
1,Naive,1,0.2,MBB
2,Linear,1,0.8,MBB
2,DLinear,1,0.73,MBB
2,NLinear,1,0.38,MBB
2,Naive,1,0.37,MBB
3,Linear,1,1.33,MBB
3,DLinear,1,1.22,MBB
3,NLinear,1,0.42,MBB
3,Naive,1,0.34,MBB
4,Linear,1,1.26,MBB
4,DLinear,1,0.94,MBB
4,NLinear,1,0.43,MBB
4,Naive,1,0.35,MBB
1,Linear,5,0.5,MBB
1,DLinear,5,0.47,MBB
1,NLinear,5,0.4,MBB
1,Naive,5,0.37,MBB
2,Linear,5,1.07,MBB
2,DLinear,5,0.83,MBB
2,NLinear,5,0.7,MBB
2,Naive,5,0.7,MBB
3,Linear,5,1.11,MBB
3,DLinear,5,1.09,MBB
3,NLinear,5,0.6,MBB
3,Naive,5,0.54,MBB
4,Linear,5,0.97,MBB
4,DLinear,5,0.94,MBB
4,NLinear,5,0.61,MBB
4,Naive,5,0.53,MBB
1,Linear,21,0.97,MBB
1,DLinear,21,0.89,MBB
1,NLinear,21,0.82,MBB
1,Naive,21,0.74,MBB
2,Linear,21,1.61,MBB
2,DLinear,21,1.52,MBB
2,NLinear,21,1.69,MBB
2,Naive,21,1.91,MBB
3,Linear,21,3.01,MBB
3,DLinear,21,2.5,MBB
3,NLinear,21,0.99,MBB
3,Naive,21,1.2,MBB
4,Linear,21,2.56,MBB
4,DLinear,21,2.42,MBB
4,NLinear,21,1.04,MBB
4,Naive,21,0.92,MBB
1,Linear,1,0.22,MSB
1,DLinear,1,0.21,MSB
1,NLinear,1,0.14,MSB
1,Naive,1,0.11,MSB
2,Linear,1,0.48,MSB
2,DLinear,1,0.32,MSB
2,NLinear,1,0.23,MSB
2,Naive,1,0.22,MSB
3,Linear,1,0.32,MSB
3,DLinear,1,0.26,MSB
3,NLinear,1,0.19,MSB
3,Naive,1,0.16,MSB
4,Linear,1,0.29,MSB
4,DLinear,1,0.21,MSB
4,NLinear,1,0.16,MSB
4,Naive,1,0.13,MSB
1,Linear,5,0.26,MSB
1,DLinear,5,0.29,MSB
1,NLinear,5,0.23,MSB
1,Naive,5,0.21,MSB
2,Linear,5,0.58,MSB
2,DLinear,5,0.53,MSB
2,NLinear,5,0.36,MSB
2,Naive,5,0.37,MSB
3,Linear,5,0.47,MSB
3,DLinear,5,0.43,MSB
3,NLinear,5,0.28,MSB
3,Naive,5,0.25,MSB
4,Linear,5,0.4,MSB
4,DLinear,5,0.38,MSB
4,NLinear,5,0.23,MSB
4,Naive,5,0.22,MSB
1,Linear,21,0.44,MSB
1,DLinear,21,0.43,MSB
1,NLinear,21,0.44,MSB
1,Naive,21,0.4,MSB
2,Linear,21,0.72,MSB
2,DLinear,21,0.7,MSB
2,NLinear,21,0.77,MSB
2,Naive,21,0.95,MSB
3,Linear,21,0.92,MSB
3,DLinear,21,0.81,MSB
3,NLinear,21,0.5,MSB
3,Naive,21,0.49,MSB
4,Linear,21,0.96,MSB
4,DLinear,21,0.84,MSB
4,NLinear,21,0.48,MSB
4,Naive,21,0.46,MSB
1,Linear,1,0.22,OCB
1,DLinear,1,0.18,OCB
1,NLinear,1,0.12,OCB
1,Naive,1,0.11,OCB
2,Linear,1,0.46,OCB
2,DLinear,1,0.32,OCB
2,NLinear,1,0.24,OCB
2,Naive,1,0.23,OCB
3,Linear,1,0.46,OCB
3,DLinear,1,0.26,OCB
3,NLinear,1,0.21,OCB
3,Naive,1,0.15,OCB
4,Linear,1,0.35,OCB
4,DLinear,1,0.21,OCB
4,NLinear,1,0.13,OCB
4,Naive,1,0.11,OCB
1,Linear,5,0.21,OCB
1,DLinear,5,0.22,OCB
1,NLinear,5,0.2,OCB
1,Naive,5,0.18,OCB
2,Linear,5,0.48,OCB
2,DLinear,5,0.44,OCB
2,NLinear,5,0.37,OCB
2,Naive,5,0.38,OCB
3,Linear,5,0.29,OCB
3,DLinear,5,0.3,OCB
3,NLinear,5,0.28,OCB
3,Naive,5,0.23,OCB
4,Linear,5,0.25,OCB
4,DLinear,5,0.25,OCB
4,NLinear,5,0.21,OCB
4,Naive,5,0.19,OCB
1,Linear,21,0.37,OCB
1,DLinear,21,0.34,OCB
1,NLinear,21,0.38,OCB
1,Naive,21,0.33,OCB
2,Linear,21,0.98,OCB
2,DLinear,21,0.98,OCB
2,NLinear,21,0.69,OCB
2,Naive,21,0.81,OCB
3,Linear,21,0.39,OCB
3,DLinear,21,0.38,OCB
3,NLinear,21,0.38,OCB
3,Naive,21,0.33,OCB
4,Linear,21,0.37,OCB
4,DLinear,21,0.35,OCB
4,NLinear,21,0.4,OCB
4,Naive,21,0.36,OCB
1,Linear,1,0.44,SHB
1,DLinear,1,0.32,SHB
1,NLinear,1,0.17,SHB
1,Naive,1,0.15,SHB
2,Linear,1,0.77,SHB
2,DLinear,1,0.44,SHB
2,NLinear,1,0.31,SHB
2,Naive,1,0.3,SHB
3,Linear,1,1.62,SHB
3,DLinear,1,0.88,SHB
3,NLinear,1,0.32,SHB
3,Naive,1,0.22,SHB
4,Linear,1,1.69,SHB
4,DLinear,1,0.8,SHB
4,NLinear,1,0.24,SHB
4,Naive,1,0.21,SHB
1,Linear,5,0.42,SHB
1,DLinear,5,0.43,SHB
1,NLinear,5,0.33,SHB
1,Naive,5,0.3,SHB
2,Linear,5,0.83,SHB
2,DLinear,5,0.57,SHB
2,NLinear,5,0.5,SHB
2,Naive,5,0.56,SHB
3,Linear,5,2.05,SHB
3,DLinear,5,1.14,SHB
3,NLinear,5,0.48,SHB
3,Naive,5,0.4,SHB
4,Linear,5,2.01,SHB
4,DLinear,5,1.11,SHB
4,NLinear,5,0.37,SHB
4,Naive,5,0.34,SHB
1,Linear,21,0.54,SHB
1,DLinear,21,0.56,SHB
1,NLinear,21,0.71,SHB
1,Naive,21,0.71,SHB
2,Linear,21,1.2,SHB
2,DLinear,21,1.1,SHB
2,NLinear,21,1.24,SHB
2,Naive,21,1.42,SHB
3,Linear,21,4.36,SHB
3,DLinear,21,3.72,SHB
3,NLinear,21,0.97,SHB
3,Naive,21,0.68,SHB
4,Linear,21,4.46,SHB
4,DLinear,21,3.83,SHB
4,NLinear,21,0.58,SHB
4,Naive,21,0.51,SHB
1,Linear,1,0.34,SSB
1,DLinear,1,0.24,SSB
1,NLinear,1,0.22,SSB
1,Naive,1,0.2,SSB
2,Linear,1,0.5,SSB
2,DLinear,1,0.33,SSB
2,NLinear,1,0.31,SSB
2,Naive,1,0.31,SSB
3,Linear,1,0.4,SSB
3,DLinear,1,0.28,SSB
3,NLinear,1,0.23,SSB
3,Naive,1,0.2,SSB
4,Linear,1,0.39,SSB
4,DLinear,1,0.2,SSB
4,NLinear,1,0.12,SSB
4,Naive,1,0.1,SSB
1,Linear,5,0.35,SSB
1,DLinear,5,0.33,SSB
1,NLinear,5,0.29,SSB
1,Naive,5,0.28,SSB
2,Linear,5,0.57,SSB
2,DLinear,5,0.54,SSB
2,NLinear,5,0.44,SSB
2,Naive,5,0.45,SSB
3,Linear,5,0.43,SSB
3,DLinear,5,0.37,SSB
3,NLinear,5,0.3,SSB
3,Naive,5,0.28,SSB
4,Linear,5,0.34,SSB
4,DLinear,5,0.3,SSB
4,NLinear,5,0.2,SSB
4,Naive,5,0.19,SSB
1,Linear,21,0.44,SSB
1,DLinear,21,0.44,SSB
1,NLinear,21,0.41,SSB
1,Naive,21,0.42,SSB
2,Linear,21,0.98,SSB
2,DLinear,21,0.9,SSB
2,NLinear,21,0.87,SSB
2,Naive,21,0.81,SSB
3,Linear,21,0.72,SSB
3,DLinear,21,0.69,SSB
3,NLinear,21,0.48,SSB
3,Naive,21,0.59,SSB
4,Linear,21,0.59,SSB
4,DLinear,21,0.63,SSB
4,NLinear,21,0.31,SSB
4,Naive,21,0.31,SSB
1,Linear,1,0.87,STB
1,DLinear,1,0.85,STB
1,NLinear,1,0.58,STB
1,Naive,1,0.54,STB
2,Linear,1,1.14,STB
2,DLinear,1,0.85,STB
2,NLinear,1,0.72,STB
2,Naive,1,0.72,STB
3,Linear,1,2.48,STB
3,DLinear,1,2.1,STB
3,NLinear,1,1.17,STB
3,Naive,1,1.05,STB
4,Linear,1,2.04,STB
4,DLinear,1,2.2,STB
4,NLinear,1,1.37,STB
4,Naive,1,1.21,STB
1,Linear,5,1.04,STB
1,DLinear,5,1.07,STB
1,NLinear,5,0.89,STB
1,Naive,5,0.92,STB
2,Linear,5,1.33,STB
2,DLinear,5,1.17,STB
2,NLinear,5,1.01,STB
2,Naive,5,1.13,STB
3,Linear,5,3.91,STB
3,DLinear,5,3.64,STB
3,NLinear,5,1.95,STB
3,Naive,5,1.85,STB
4,Linear,5,2.7,STB
4,DLinear,5,2.71,STB
4,NLinear,5,2.03,STB
4,Naive,5,2.1,STB
1,Linear,21,1.79,STB
1,DLinear,21,2.11,STB
1,NLinear,21,1.32,STB
1,Naive,21,1.36,STB
2,Linear,21,1.44,STB
2,DLinear,21,1.34,STB
2,NLinear,21,1.95,STB
2,Naive,21,2.29,STB
3,Linear,21,8.01,STB
3,DLinear,21,8.62,STB
3,NLinear,21,3.4,STB
3,Naive,21,3.2,STB
4,Linear,21,4.02,STB
4,DLinear,21,4.8,STB
4,NLinear,21,2.9,STB
4,Naive,21,3.44,STB
1,Linear,1,0.81,TCB
1,DLinear,1,0.72,TCB
1,NLinear,1,0.39,TCB
1,Naive,1,0.36,TCB
2,Linear,1,0.79,TCB
2,DLinear,1,0.73,TCB
2,NLinear,1,0.51,TCB
2,Naive,1,0.51,TCB
3,Linear,1,1.13,TCB
3,DLinear,1,1.13,TCB
3,NLinear,1,0.69,TCB
3,Naive,1,0.56,TCB
4,Linear,1,1.25,TCB
4,DLinear,1,1.12,TCB
4,NLinear,1,0.52,TCB
4,Naive,1,0.53,TCB
1,Linear,5,1.27,TCB
1,DLinear,5,0.85,TCB
1,NLinear,5,0.71,TCB
1,Naive,5,0.69,TCB
2,Linear,5,1.1,TCB
2,DLinear,5,0.88,TCB
2,NLinear,5,0.75,TCB
2,Naive,5,0.84,TCB
3,Linear,5,2.13,TCB
3,DLinear,5,1.57,TCB
3,NLinear,5,1.05,TCB
3,Naive,5,1.04,TCB
4,Linear,5,2.13,TCB
4,DLinear,5,1.57,TCB
4,NLinear,5,1.0,TCB
4,Naive,5,0.89,TCB
1,Linear,21,1.61,TCB
1,DLinear,21,1.56,TCB
1,NLinear,21,1.58,TCB
1,Naive,21,1.58,TCB
2,Linear,21,1.25,TCB
2,DLinear,21,1.38,TCB
2,NLinear,21,1.27,TCB
2,Naive,21,1.7,TCB
3,Linear,21,3.7,TCB
3,DLinear,21,3.09,TCB
3,NLinear,21,2.01,TCB
3,Naive,21,1.82,TCB
4,Linear,21,3.65,TCB
4,DLinear,21,3.05,TCB
4,NLinear,21,2.07,TCB
4,Naive,21,1.78,TCB
1,Linear,1,0.31,TPB
1,DLinear,1,0.36,TPB
1,NLinear,1,0.2,TPB
1,Naive,1,0.17,TPB
2,Linear,1,0.51,TPB
2,DLinear,1,0.44,TPB
2,NLinear,1,0.34,TPB
2,Naive,1,0.33,TPB
3,Linear,1,0.61,TPB
3,DLinear,1,0.48,TPB
3,NLinear,1,0.34,TPB
3,Naive,1,0.27,TPB
4,Linear,1,0.52,TPB
4,DLinear,1,0.45,TPB
4,NLinear,1,0.26,TPB
4,Naive,1,0.24,TPB
1,Linear,5,0.53,TPB
1,DLinear,5,0.44,TPB
1,NLinear,5,0.36,TPB
1,Naive,5,0.34,TPB
2,Linear,5,0.84,TPB
2,DLinear,5,0.65,TPB
2,NLinear,5,0.49,TPB
2,Naive,5,0.56,TPB
3,Linear,5,0.78,TPB
3,DLinear,5,0.77,TPB
3,NLinear,5,0.43,TPB
3,Naive,5,0.37,TPB
4,Linear,5,0.71,TPB
4,DLinear,5,0.67,TPB
4,NLinear,5,0.42,TPB
4,Naive,5,0.37,TPB
1,Linear,21,0.99,TPB
1,DLinear,21,0.85,TPB
1,NLinear,21,0.92,TPB
1,Naive,21,0.99,TPB
2,Linear,21,1.92,TPB
2,DLinear,21,1.8,TPB
2,NLinear,21,1.34,TPB
2,Naive,21,1.51,TPB
3,Linear,21,1.13,TPB
3,DLinear,21,1.38,TPB
3,NLinear,21,0.85,TPB
3,Naive,21,0.59,TPB
4,Linear,21,0.95,TPB
4,DLinear,21,1.19,TPB
4,NLinear,21,0.82,TPB
4,Naive,21,0.69,TPB
1,Linear,1,1.12,VCB
1,DLinear,1,1.21,VCB
1,NLinear,1,0.71,VCB
1,Naive,1,0.66,VCB
2,Linear,1,0.92,VCB
2,DLinear,1,0.93,VCB
2,NLinear,1,0.69,VCB
2,Naive,1,0.66,VCB
3,Linear,1,0.67,VCB
3,DLinear,1,0.73,VCB
3,NLinear,1,0.45,VCB
3,Naive,1,0.44,VCB
4,Linear,1,1.74,VCB
4,DLinear,1,2.15,VCB
4,NLinear,1,1.29,VCB
4,Naive,1,1.2,VCB
1,Linear,5,1.89,VCB
1,DLinear,5,1.61,VCB
1,NLinear,5,1.31,VCB
1,Naive,5,1.22,VCB
2,Linear,5,1.5,VCB
2,DLinear,5,1.16,VCB
2,NLinear,5,1.05,VCB
2,Naive,5,1.12,VCB
3,Linear,5,1.03,VCB
3,DLinear,5,0.78,VCB
3,NLinear,5,0.84,VCB
3,Naive,5,0.82,VCB
4,Linear,5,3.5,VCB
4,DLinear,5,2.58,VCB
4,NLinear,5,2.06,VCB
4,Naive,5,1.91,VCB
1,Linear,21,3.11,VCB
1,DLinear,21,2.99,VCB
1,NLinear,21,3.06,VCB
1,Naive,21,2.93,VCB
2,Linear,21,2.22,VCB
2,DLinear,21,1.84,VCB
2,NLinear,21,1.77,VCB
2,Naive,21,2.24,VCB
3,Linear,21,1.33,VCB
3,DLinear,21,1.35,VCB
3,NLinear,21,1.66,VCB
3,Naive,21,1.48,VCB
4,Linear,21,4.57,VCB
4,DLinear,21,4.25,VCB
4,NLinear,21,4.34,VCB
4,Naive,21,3.8,VCB
1,Linear,1,0.3,VIB
1,DLinear,1,0.24,VIB
1,NLinear,1,0.17,VIB
1,Naive,1,0.16,VIB
2,Linear,1,0.6,VIB
2,DLinear,1,0.33,VIB
2,NLinear,1,0.26,VIB
2,Naive,1,0.26,VIB
3,Linear,1,0.38,VIB
3,DLinear,1,0.34,VIB
3,NLinear,1,0.29,VIB
3,Naive,1,0.2,VIB
4,Linear,1,0.33,VIB
4,DLinear,1,0.32,VIB
4,NLinear,1,0.21,VIB
4,Naive,1,0.21,VIB
1,Linear,5,0.44,VIB
1,DLinear,5,0.35,VIB
1,NLinear,5,0.29,VIB
1,Naive,5,0.28,VIB
2,Linear,5,0.88,VIB
2,DLinear,5,0.63,VIB
2,NLinear,5,0.46,VIB
2,Naive,5,0.48,VIB
3,Linear,5,0.52,VIB
3,DLinear,5,0.51,VIB
3,NLinear,5,0.38,VIB
3,Naive,5,0.31,VIB
4,Linear,5,0.4,VIB
4,DLinear,5,0.38,VIB
4,NLinear,5,0.38,VIB
4,Naive,5,0.32,VIB
1,Linear,21,0.84,VIB
1,DLinear,21,0.8,VIB
1,NLinear,21,0.68,VIB
1,Naive,21,0.63,VIB
2,Linear,21,1.43,VIB
2,DLinear,21,1.1,VIB
2,NLinear,21,1.06,VIB
2,Naive,21,1.27,VIB
3,Linear,21,0.82,VIB
3,DLinear,21,0.87,VIB
3,NLinear,21,0.72,VIB
3,Naive,21,0.57,VIB
4,Linear,21,0.56,VIB
4,DLinear,21,0.67,VIB
4,NLinear,21,0.55,VIB
4,Naive,21,0.46,VIB
1,Linear,1,0.46,VPB
1,DLinear,1,0.44,VPB
1,NLinear,1,0.26,VPB
1,Naive,1,0.23,VPB
2,Linear,1,1.05,VPB
2,DLinear,1,1.04,VPB
2,NLinear,1,0.7,VPB
2,Naive,1,0.61,VPB
3,Linear,1,2.17,VPB
3,DLinear,1,1.76,VPB
3,NLinear,1,0.7,VPB
3,Naive,1,0.61,VPB
4,Linear,1,1.9,VPB
4,DLinear,1,1.5,VPB
4,NLinear,1,0.52,VPB
4,Naive,1,0.44,VPB
1,Linear,5,0.66,VPB
1,DLinear,5,0.61,VPB
1,NLinear,5,0.44,VPB
1,Naive,5,0.4,VPB
2,Linear,5,1.7,VPB
2,DLinear,5,1.52,VPB
2,NLinear,5,1.08,VPB
2,Naive,5,1.2,VPB
3,Linear,5,2.95,VPB
3,DLinear,5,2.62,VPB
3,NLinear,5,1.11,VPB
3,Naive,5,0.86,VPB
4,Linear,5,2.6,VPB
4,DLinear,5,2.31,VPB
4,NLinear,5,0.84,VPB
4,Naive,5,0.75,VPB
1,Linear,21,1.39,VPB
1,DLinear,21,1.36,VPB
1,NLinear,21,1.16,VPB
1,Naive,21,1.02,VPB
2,Linear,21,3.21,VPB
2,DLinear,21,3.27,VPB
2,NLinear,21,2.78,VPB
2,Naive,21,3.42,VPB
3,Linear,21,4.02,VPB
3,DLinear,21,4.89,VPB
3,NLinear,21,2.26,VPB
3,Naive,21,1.39,VPB
4,Linear,21,3.05,VPB
4,DLinear,21,4.49,VPB
4,NLinear,21,1.52,VPB
4,Naive,21,1.31,VPB
